request_id,downgraded,violations,blocked,notes
request_26,False,,,
request_27,False,,,
request_28,False,,,
request_29,False,,,
request_30,False,,,
request_31,False,,,
request_32,False,,,
request_33,False,,,
request_34,False,,,
request_35,False,,,
request_36,False,,,
request_37,False,,,
request_38,False,,,
request_39,False,,,
request_40,False,,,
request_41,False,,,
request_42,False,,,
request_43,False,,,
request_44,False,,,
request_45,False,,,
request_46,False,,,
request_47,False,,,
request_48,False,,,
request_49,False,,,
request_50,False,,,
request_51,False,,,
request_52,False,,,
request_53,False,,,
request_54,False,,,
request_55,False,,,
request_56,False,,,
request_57,False,,,
request_58,False,,,
request_59,False,,,
request_60,False,,,
request_61,False,,,
request_62,False,,,
request_63,False,,,
request_64,False,,,guard ignored message_47: income not confirmed
request_65,False,,,
request_66,False,,,
request_67,False,,,
request_68,False,,,
request_69,False,,,
request_70,False,,,
request_71,False,,,
request_72,False,,,
request_73,False,,,
request_74,False,,,
request_75,False,,,
request_76,False,,,
request_77,False,,,
request_78,False,,,
request_79,False,,,
request_80,False,,,
request_81,False,,,
request_82,False,,,
request_83,False,,,
request_84,False,,,
request_85,False,,,
request_86,False,,,
request_87,False,,,
request_88,False,,,
request_89,False,,,
request_90,False,,,
request_91,False,,,
request_92,False,,,
request_93,False,,,
request_94,False,,,
request_95,False,,,
request_96,False,,,
request_97,False,,,
request_98,False,,,
request_99,False,,,
request_100,False,,,
request_101,False,,,
request_102,False,,,
request_103,False,,,
request_104,False,,,
request_105,False,,,
request_106,False,,,
request_107,False,,,
request_108,False,,,
request_109,False,,,
request_110,False,,,
request_111,False,,,
request_112,False,,,
request_113,False,,,
request_114,False,,,
request_115,False,,,
request_116,False,,,
request_117,False,,,
request_118,False,,,
request_119,False,,,
request_120,False,,,
request_121,False,,,
request_122,False,,,
request_123,False,,,
request_124,False,,,
request_125,False,,,
request_126,False,,,
request_127,False,,,
request_128,False,,,
request_129,False,,,
request_130,False,,,
request_131,False,,,
request_132,False,,,
request_133,False,,,
request_134,False,,,
request_135,False,,,
request_136,False,,,
request_137,False,,,
request_138,False,,,
request_139,False,,,
request_140,False,,,
request_141,False,,,
request_142,False,,,
request_143,False,,,
request_144,False,,,
request_145,False,,,
request_146,False,,,
request_147,False,,,
request_148,False,,,
request_149,False,,,
request_150,False,,,
request_151,False,,,
request_152,False,,,
request_153,False,,,guard ignored message_118: income not confirmed
request_154,False,,,
request_155,False,,,
request_156,False,,,
request_157,False,,,
request_158,False,,,
request_159,False,,,
request_160,False,,,
request_161,False,,,
request_162,False,,,
request_163,False,,,
request_164,False,,,
request_165,False,,,
request_166,False,,,
request_167,False,,,
request_168,False,,,
request_169,False,,,
request_170,False,,,
request_171,False,,,
request_172,False,,,
request_173,False,,,
request_174,False,,,
request_175,False,,,
request_176,False,,,
request_177,False,,,
request_178,False,,,
request_179,False,,,
request_180,False,,,
request_181,False,,,
request_182,False,,,
request_183,False,,,guard ignored message_145: income not confirmed
request_184,False,,,
request_185,False,,,
request_186,False,,,
request_187,False,,,
request_188,False,,,
request_189,False,,,
request_190,False,,,
request_191,False,,,
request_192,False,,,
request_193,False,,,
request_194,False,,,
request_195,False,,,
request_196,False,,,
request_197,False,,,
request_198,False,,,
request_199,False,,,
request_200,False,,,
request_201,False,,,
request_202,False,,,
request_203,False,,,
request_204,False,,,
request_205,False,,,
request_206,False,,,
request_207,False,,,
request_208,False,,,
request_209,False,,,
request_210,False,,,
request_211,False,,,
request_212,False,,,
request_213,False,,,
request_214,False,,,guard ignored message_167: income not confirmed
request_215,False,,,
request_216,False,,,
request_217,False,,,
request_218,False,,,
request_219,False,,,
request_220,False,,,
request_221,False,,,
request_222,False,,,
request_223,False,,,
request_224,False,,,
request_225,False,,,
request_226,False,,,
request_227,False,,,
request_228,False,,,
request_229,False,,,
request_230,False,,,
request_231,False,,,
request_232,False,,,
request_233,False,,,
request_234,False,,,
request_235,False,,,
request_236,False,,,
request_237,False,,,
request_238,False,,,
request_239,False,,,
request_240,False,,,
request_241,False,,,
request_242,False,,,
request_243,False,,,
request_244,False,,,
request_245,False,,,
request_246,False,,,
request_247,False,,,
request_248,False,,,
request_249,False,,,
request_250,False,,,
request_251,False,,,
request_252,False,,,
request_253,False,,,
request_254,False,,,
request_255,False,,,
request_256,False,,,
request_257,False,,,
request_258,False,,,
request_259,False,,,
request_260,False,,,
request_261,False,,,
request_262,False,,,
request_263,False,,,
request_264,False,,,
request_265,False,,,
request_266,False,,,
request_267,False,,,guard ignored message_208: income not confirmed
request_268,False,,,
request_269,False,,,
request_270,False,,,
request_271,False,,,
request_272,False,,,
request_273,False,,,
request_274,False,,,
request_275,False,,,
