request_id,amount_safe_to_pay,affordability_status,recommended_payment_method,payment_plan,earliest_date_for_full_payment,spending_changes_needed,decision_explanation
request_26,15656000,affordable_now,full_payment,2025-08-03:15656000,2025-08-03,none,"Pay IDR 15,656,000 today. This leaves at least IDR 24,768,300 available over the next 90 days."
request_27,6670,affordable_now,full_payment,2026-07-05:6670,2026-07-05,none,"Pay ZAR 6,670 today. This leaves at least ZAR 20,500 available over the next 90 days."
request_28,309.45,affordable_later,wait,2024-08-15:1302.40,2024-08-15,none,"Wait until 15 August 2024, then pay EUR 1,302.40 in full. Paying earlier would take the balance below the EUR 1,100 minimum."
request_29,6043.93,not_affordable,not_recommended,none,,none,"Do not proceed with the ZAR 51,524 request. Although ZAR 6,043.93 is available today, the full amount cannot be completed safely by 23 November 2025 while keeping the ZAR 28,300 minimum."
request_30,775.20,affordable_with_plan,installments,2026-04-06:268.74|2026-05-06:268.74|2026-06-05:268.74,2026-04-06,none,"Use 3 installments of USD 268.74, starting 6 April 2026. This leaves at least USD 900 available."
request_31,3544107.33,affordable_later,wait,2024-11-15:18164000,2024-11-15,none,"Wait until 15 November 2024, then pay IDR 18,164,000 in full. Paying earlier would take the balance below the IDR 16,588,900 minimum."
request_32,13605.34,affordable_later,wait,2025-04-15:40018,2025-04-15,none,"Wait until 15 April 2025, then pay ZAR 40,018 in full. Paying earlier would take the balance below the ZAR 35,700 minimum."
request_33,34145.59,affordable_later,wait,2026-03-15:118000,2026-03-15,none,"Wait until 15 March 2026, then pay INR 118,000 in full. Paying earlier would take the balance below the INR 102,100 minimum."
request_34,129400,affordable_now,full_payment,2024-12-04:129400,2024-12-04,none,"Pay INR 129,400 today. This leaves at least INR 138,500 available over the next 90 days."
request_35,33461.64,affordable_later,wait,2026-01-15:212000,2026-01-15,none,"Wait until 15 January 2026, then pay INR 212,000 in full. Paying earlier would take the balance below the INR 106,400 minimum."
request_36,670.39,affordable_later,wait,2026-09-15:3954,2026-09-15,none,"Wait until 15 September 2026, then pay USD 3,954 in full. Paying earlier would take the balance below the USD 2,400 minimum."
request_37,4425696.89,affordable_later,wait,2024-05-15:14649000,2024-05-15,none,"Wait until 15 May 2024, then pay IDR 14,649,000 in full. Paying earlier would take the balance below the IDR 17,056,200 minimum."
request_38,186.75,affordable_later,wait,2025-10-15:971.30,2025-10-15,none,"Wait until 15 October 2025, then pay EUR 971.30 in full. Paying earlier would take the balance below the EUR 400 minimum."
request_39,59372.47,affordable_later,wait,2026-06-15:208600,2026-06-15,none,"Wait until 15 June 2026, then pay INR 208,600 in full. Paying earlier would take the balance below the INR 213,400 minimum."
request_40,386.65,affordable_later,wait,2024-08-15:1290.30,2024-08-15,none,"Wait until 15 August 2024, then pay EUR 1,290.30 in full. Paying earlier would take the balance below the EUR 1,500 minimum."
request_41,9008125.23,affordable_later,wait,2026-01-15:38760000,2026-01-15,none,"Wait until 15 January 2026, then pay IDR 38,760,000 in full. Paying earlier would take the balance below the IDR 25,366,600 minimum."
request_42,52100,affordable_now,full_payment,2026-01-05:52100,2026-01-05,none,"Pay INR 52,100 today. This leaves at least INR 113,100 available over the next 90 days."
request_43,8583893.06,affordable_later,wait,2024-11-15:43339000,2024-11-15,none,"Wait until 15 November 2024, then pay IDR 43,339,000 in full. Paying earlier would take the balance below the IDR 21,398,000 minimum."
request_44,29355.01,affordable_later,wait,2025-04-15:95800,2025-04-15,none,"Wait until 15 April 2025, then pay INR 95,800 in full. Paying earlier would take the balance below the INR 82,900 minimum."
request_45,4240437.63,affordable_later,wait,2026-09-15:21983000,2026-09-15,none,"Wait until 15 September 2026, then pay IDR 21,983,000 in full. Paying earlier would take the balance below the IDR 11,149,800 minimum."
request_46,34100.44,affordable_with_plan,partial_payment,2024-12-03:34100.44|2024-12-15:15349.56,2024-12-15,none,"Pay INR 34,100.44 today and the remaining INR 15,349.56 on 15 December 2024. This completes the full request by 9 January 2025 while keeping the INR 84,000 minimum."
request_47,34817153.14,affordable_with_plan,full_payment,2025-05-05:38114000,2025-07-26,stop:event_4341|reduce_to:event_4406:770450,"Stop the community fitness plan and reduce the family dinner to IDR 770,450, then pay IDR 38,114,000 today. This leaves at least IDR 30,049,000 available."
request_48,45700,affordable_now,full_payment,2026-07-25:45700,2026-07-25,none,"Pay INR 45,700 today. This leaves at least INR 71,300 available over the next 90 days."
request_49,12033259.34,affordable_with_plan,installments,2024-03-18:11902106.67|2024-04-18:11902106.67|2024-05-19:11902106.67,2024-05-15,none,"Use 3 installments of IDR 11,902,106.67, starting 18 March 2024. This leaves at least IDR 20,275,700 available."
request_50,43900,affordable_now,full_payment,2025-08-06:43900,2025-08-06,none,"Pay INR 43,900 today. This leaves at least INR 99,700 available over the next 90 days."
request_51,2191000,affordable_now,full_payment,2026-01-03:2191000,2026-01-03,none,"Pay IDR 2,191,000 today. This leaves at least IDR 7,811,000 available over the next 90 days."
request_52,19142.21,affordable_later,wait,2024-06-15:28870,2024-06-15,none,"Wait until 15 June 2024, then pay INR 28,870 in full. Paying earlier would take the balance below the INR 41,500 minimum."
request_53,514.66,affordable_with_plan,installments,2025-11-21:589.06|2025-12-19:589.06|2026-01-16:589.06,2026-01-15,none,"Use 3 installments of USD 589.06, starting 21 November 2025. This leaves at least USD 2,100 available."
request_54,3289.89,not_affordable,not_recommended,none,,none,"Do not proceed with the ZAR 121,528 request. Although ZAR 3,289.89 is available today, the full amount cannot be completed safely by 21 August 2026 while keeping the ZAR 37,000 minimum."
request_55,119487.74,affordable_with_plan,installments,2026-06-11:75781.33|2026-07-12:75781.33|2026-08-12:75781.33,2026-07-15,none,"Use 3 installments of INR 75,781.33, starting 11 June 2026. This leaves at least INR 124,300 available."
request_56,609.04,affordable_with_plan,partial_payment,2025-02-03:609.04|2025-02-15:272.52,2025-02-15,none,"Pay USD 609.04 today and the remaining USD 272.52 on 15 February 2025. This completes the full request by 13 March 2025 while keeping the USD 2,100 minimum."
request_57,11621.68,affordable_later,wait,2026-06-15:61446,2026-06-15,none,"Wait until 15 June 2026, then pay ZAR 61,446 in full. Paying earlier would take the balance below the ZAR 42,700 minimum."
request_58,16226000,affordable_now,full_payment,2024-12-07:16226000,2024-12-07,none,"Pay IDR 16,226,000 today. This leaves at least IDR 14,433,900 available over the next 90 days."
request_59,140600,affordable_with_plan,installments,2025-05-07:48741.33|2025-06-04:48741.33|2025-07-02:48741.33,2025-05-04,none,"Use 3 installments of INR 48,741.33, starting 7 May 2025. This leaves at least INR 132,600 available."
request_60,135.40,affordable_later,wait,2026-01-15:199.89,2026-01-15,none,"Wait until 15 January 2026, then pay USD 199.89 in full. Paying earlier would take the balance below the USD 400 minimum."
request_61,29062,affordable_with_plan,installments,2024-03-17:10074.83|2024-04-17:10074.83|2024-05-18:10074.83,2024-03-03,none,"Use 3 installments of ZAR 10,074.83, starting 17 March 2024. This leaves at least ZAR 36,700 available."
request_62,404.23,affordable_now,full_payment,2025-08-05:404.23,2025-08-05,none,"Pay USD 404.23 today. This leaves at least USD 1,300 available over the next 90 days."
request_63,46199.24,not_affordable,not_recommended,none,,none,"Do not proceed with the INR 343,900 request. Although INR 46,199.24 is available today, the full amount cannot be completed safely by 17 September 2026 while keeping the INR 153,500 minimum."
request_64,0,not_affordable,not_recommended,none,,none,"Do not make this payment by 16 August 2024. None of the available options keeps the INR 36,100 minimum protected."
request_65,5894.14,not_affordable,not_recommended,none,,none,"Do not proceed with the ZAR 54,340 request. Although ZAR 5,894.14 is available today, the full amount cannot be completed safely by 25 November 2025 while keeping the ZAR 15,500 minimum."
request_66,22200,affordable_now,full_payment,2026-04-03:22200,2026-04-03,none,"Pay INR 22,200 today. This leaves at least INR 80,700 available over the next 90 days."
request_67,430.63,affordable_later,wait,2024-11-15:2094,2024-11-15,none,"Wait until 15 November 2024, then pay USD 2,094 in full. Paying earlier would take the balance below the USD 1,200 minimum."
request_68,1299.71,affordable_with_plan,installments,2025-02-14:725.09|2025-03-14:725.09|2025-04-11:725.09,2025-03-15,none,"Use 3 installments of USD 725.09, starting 14 February 2025. This leaves at least USD 1,500 available."
request_69,529.10,affordable_now,full_payment,2026-01-04:529.10,2026-01-04,none,Pay EUR 529.10 today. This leaves at least EUR 700 available over the next 90 days.
request_70,50335.81,affordable_later,wait,2025-02-15:243900,2025-02-15,none,"Wait until 15 February 2025, then pay INR 243,900 in full. Paying earlier would take the balance below the INR 115,000 minimum."
request_71,784490.48,not_affordable,not_recommended,none,,none,"Do not proceed with the IDR 21,451,000 request. Although IDR 784,490.48 is available today, the full amount cannot be completed safely by 28 May 2025 while keeping the IDR 8,884,800 minimum."
request_72,11330,affordable_now,full_payment,2026-07-05:11330,2026-07-05,none,"Pay ZAR 11,330 today. This leaves at least ZAR 12,200 available over the next 90 days."
request_73,71400,affordable_now,full_payment,2023-01-20:71400,2023-01-20,none,"Pay INR 71,400 today. This leaves at least INR 103,200 available over the next 90 days."
request_74,5010,affordable_now,full_payment,2025-08-04:5010,2025-08-04,none,"Pay ZAR 5,010 today. This leaves at least ZAR 21,900 available over the next 90 days."
request_75,18520.22,not_affordable,not_recommended,none,,none,"Do not proceed with the ZAR 28,270 request. Although ZAR 18,520.22 is available today, the full amount cannot be completed safely by 12 June 2026 while keeping the ZAR 39,000 minimum."
request_76,794.81,affordable_later,not_recommended,none,2024-08-15,none,"Do not proceed with the USD 4,455.60 request. Although USD 794.81 is available today, the full amount cannot be completed safely by 30 July 2024 while keeping the USD 1,800 minimum."
request_77,59268.31,affordable_later,wait,2025-11-15:60700,2025-11-15,none,"Wait until 15 November 2025, then pay INR 60,700 in full. Paying earlier would take the balance below the INR 82,200 minimum. This is after the requested 14 November 2025 date."
request_78,48189.45,affordable_with_plan,full_payment,2025-10-02:50200,2025-10-15,reduce_to:event_7224:805|reduce_to:event_7225:1480,"Reduce the video streaming plan to INR 805 and reduce the monthly shopping spend to INR 1,480, then pay INR 50,200 today. This leaves at least INR 55,200 available."
request_79,320.60,not_affordable,not_recommended,none,,none,"Do not proceed with the EUR 2,151.60 request. Although EUR 320.60 is available today, the full amount cannot be completed safely by 1 November 2024 while keeping the EUR 1,000 minimum."
request_80,111247.93,not_affordable,not_recommended,none,,none,"Do not proceed with the INR 217,500 request. Although INR 111,247.93 is available today, the full amount cannot be completed safely by 21 February 2025 while keeping the INR 121,300 minimum."
request_81,2076,affordable_now,full_payment,2026-07-03:2076,2026-07-03,none,"Pay USD 2,076 today. This leaves at least USD 1,600 available over the next 90 days."
request_82,356.82,affordable_later,wait,2025-02-15:1405.20,2025-02-15,none,"Wait until 15 February 2025, then pay USD 1,405.20 in full. Paying earlier would take the balance below the USD 1,100 minimum."
request_83,6243.50,not_affordable,not_recommended,none,,none,"Do not proceed with the INR 156,200 request. Although INR 6,243.50 is available today, the full amount cannot be completed safely by 17 June 2025 while keeping the INR 37,800 minimum."
request_84,23578.79,affordable_later,wait,2026-06-15:95400,2026-06-15,none,"Wait until 15 June 2026, then pay INR 95,400 in full. Paying earlier would take the balance below the INR 91,300 minimum."
request_85,539984.65,not_affordable,not_recommended,none,,none,"Do not proceed with the IDR 19,304,000 request. Although IDR 539,984.65 is available today, the full amount cannot be completed safely by 26 April 2024 while keeping the IDR 6,396,300 minimum."
request_86,42417.08,affordable_with_plan,full_payment,2025-08-03:46300,2025-08-23,reduce_to:event_8084:2360,"Reduce the online retail purchases to INR 2,360, then pay INR 46,300 today. This leaves at least INR 84,900 available."
request_87,23897.02,not_affordable,not_recommended,none,,none,"Do not proceed with the INR 487,900 request. Although INR 23,897.02 is available today, the full amount cannot be completed safely by 15 March 2026 while keeping the INR 185,900 minimum."
request_88,10785.81,affordable_with_plan,installments,2024-06-14:9045.23|2024-07-15:9045.23|2024-08-15:9045.23,2024-06-15,none,"Use 3 installments of ZAR 9,045.23, starting 14 June 2024. This leaves at least ZAR 25,800 available."
request_89,9009157.98,affordable_with_plan,installments,2025-11-18:4768746.67|2025-12-16:4768746.67|2026-01-13:4768746.67,2026-01-15,reduce_to:event_8337:266760,"Reduce the monthly shopping spend to IDR 266,760, then use 3 installments of IDR 4,768,746.67, starting 18 November 2025. This leaves at least IDR 12,534,700 available."
request_90,2560,affordable_now,full_payment,2026-07-06:2560,2026-07-06,none,"Pay ZAR 2,560 today. This leaves at least ZAR 7,600 available over the next 90 days."
request_91,437.87,affordable_later,wait,2024-11-15:1927.20,2024-11-15,none,"Wait until 15 November 2024, then pay EUR 1,927.20 in full. Paying earlier would take the balance below the EUR 2,100 minimum."
request_92,34034,affordable_now,full_payment,2025-02-05:34034,2025-02-05,none,"Pay ZAR 34,034 today. This leaves at least ZAR 28,100 available over the next 90 days."
request_93,1729.20,affordable_now,full_payment,2026-04-07:1729.20,2026-04-07,none,"Pay USD 1,729.20 today. This leaves at least USD 1,900 available over the next 90 days."
request_94,572,affordable_now,full_payment,2024-12-04:572,2024-12-04,none,Pay EUR 572 today. This leaves at least EUR 600 available over the next 90 days.
request_95,8624.98,not_affordable,not_recommended,none,,none,"Do not proceed with the INR 553,000 request. Although INR 8,624.98 is available today, the full amount cannot be completed safely by 14 July 2025 while keeping the INR 145,500 minimum."
request_96,74713.51,affordable_with_plan,installments,2026-01-10:31269.33|2026-02-09:31269.33|2026-03-11:31269.33,2026-02-15,none,"Use 3 installments of INR 31,269.33, starting 10 January 2026. This leaves at least INR 56,500 available."
request_97,1468.04,affordable_with_plan,installments,2024-03-19:8145.28|2024-04-19:8145.28|2024-05-20:8145.28,2024-04-15,none,"Use 3 installments of ZAR 8,145.28, starting 19 March 2024. This leaves at least ZAR 29,700 available."
request_98,8082.23,affordable_later,wait,2025-10-15:27148,2025-10-15,none,"Wait until 15 October 2025, then pay ZAR 27,148 in full. Paying earlier would take the balance below the ZAR 30,000 minimum."
request_99,18062,affordable_now,full_payment,2026-07-04:18062,2026-07-04,none,"Pay ZAR 18,062 today. This leaves at least ZAR 49,100 available over the next 90 days."
request_100,25782.84,affordable_with_plan,installments,2024-06-13:12866.19|2024-07-14:12866.19|2024-08-14:12866.19,2024-07-15,none,"Use 3 installments of ZAR 12,866.19, starting 13 June 2024. This leaves at least ZAR 32,500 available."
request_101,143500,affordable_now,full_payment,2025-11-03:143500,2025-11-03,none,"Pay INR 143,500 today. This leaves at least INR 187,400 available over the next 90 days."
request_102,1716,affordable_with_plan,installments,2026-04-05:594.88|2026-05-05:594.88|2026-06-04:594.88,2026-04-05,none,"Use 3 installments of EUR 594.88, starting 5 April 2026. This leaves at least EUR 900 available."
request_103,10473.91,not_affordable,not_recommended,none,,none,"Do not proceed with the INR 368,300 request. Although INR 10,473.91 is available today, the full amount cannot be completed safely by 7 October 2024 while keeping the INR 125,500 minimum."
request_104,17204,affordable_now,full_payment,2025-02-04:17204,2025-02-04,none,"Pay ZAR 17,204 today. This leaves at least ZAR 24,700 available over the next 90 days."
request_105,53500,affordable_now,full_payment,2026-06-08:53500,2026-06-08,none,"Pay INR 53,500 today. This leaves at least INR 73,900 available over the next 90 days."
request_106,431.67,affordable_later,wait,2025-02-15:2207.70,2025-02-15,none,"Wait until 15 February 2025, then pay EUR 2,207.70 in full. Paying earlier would take the balance below the EUR 1,200 minimum."
request_107,293.99,not_affordable,not_recommended,none,,none,"Do not proceed with the EUR 2,534.40 request. Although EUR 293.99 is available today, the full amount cannot be completed safely by 4 July 2025 while keeping the EUR 1,600 minimum."
request_108,3309.89,affordable_later,wait,2026-09-15:55308,2026-09-15,none,"Wait until 15 September 2026, then pay ZAR 55,308 in full. Paying earlier would take the balance below the ZAR 24,100 minimum. This is after the requested 26 July 2026 date."
request_109,588.21,affordable_with_plan,installments,2024-03-18:645.98|2024-04-18:645.98|2024-05-19:645.98,2024-05-15,none,"Use 3 installments of EUR 645.98, starting 18 March 2024. This leaves at least EUR 1,700 available."
request_110,22352,affordable_with_plan,installments,2025-08-06:7748.69|2025-09-03:7748.69|2025-10-01:7748.69,2025-08-06,none,"Use 3 installments of ZAR 7,748.69, starting 6 August 2025. This leaves at least ZAR 11,200 available."
request_111,16625000,affordable_now,full_payment,2026-04-03:16625000,2026-04-03,none,"Pay IDR 16,625,000 today. This leaves at least IDR 23,022,800 available over the next 90 days."
request_112,271.70,affordable_now,full_payment,2024-06-05:271.70,2024-06-05,none,Pay EUR 271.70 today. This leaves at least EUR 500 available over the next 90 days.
request_113,25443.85,affordable_later,wait,2026-09-15:36500,2026-09-15,none,"Wait until 15 September 2026, then pay INR 36,500 in full. Paying earlier would take the balance below the INR 82,300 minimum."
request_114,65300,affordable_now,full_payment,2026-01-04:65300,2026-01-04,none,"Pay INR 65,300 today. This leaves at least INR 113,400 available over the next 90 days."
request_115,14213.17,affordable_later,wait,2024-11-15:80500,2024-11-15,none,"Wait until 15 November 2024, then pay INR 80,500 in full. Paying earlier would take the balance below the INR 38,800 minimum."
request_116,12257.73,not_affordable,not_recommended,none,,none,"Do not proceed with the INR 241,200 request. Although INR 12,257.73 is available today, the full amount cannot be completed safely by 16 April 2025 while keeping the INR 80,300 minimum."
request_117,880,affordable_now,full_payment,2026-07-05:880,2026-07-05,none,"Pay EUR 880 today. This leaves at least EUR 1,000 available over the next 90 days."
request_118,656.96,affordable_with_plan,installments,2024-12-07:255.87|2025-01-07:255.87|2025-02-07:255.87,2025-01-15,none,"Use 3 installments of EUR 255.87, starting 7 December 2024. This leaves at least EUR 600 available."
request_119,58187.35,affordable_with_plan,installments,2025-05-18:70546.67|2025-06-15:70546.67|2025-07-13:70546.67,2025-06-15,none,"Use 3 installments of INR 70,546.67, starting 18 May 2025. This leaves at least INR 151,200 available."
request_120,7714000,affordable_now,full_payment,2026-04-06:7714000,2026-04-06,none,"Pay IDR 7,714,000 today. This leaves at least IDR 20,050,300 available over the next 90 days."
request_121,633.60,affordable_now,full_payment,2024-03-03:633.60,2024-03-03,none,Pay USD 633.60 today. This leaves at least USD 800 available over the next 90 days.
request_122,20558000,affordable_with_plan,installments,2025-08-05:7126773.33|2025-09-02:7126773.33|2025-09-30:7126773.33,2025-08-05,none,"Use 3 installments of IDR 7,126,773.33, starting 5 August 2025. This leaves at least IDR 12,588,500 available."
request_123,4076000,affordable_now,full_payment,2026-01-07:4076000,2026-01-07,none,"Pay IDR 4,076,000 today. This leaves at least IDR 18,091,200 available over the next 90 days."
request_124,1375.84,affordable_with_plan,installments,2024-06-11:1076.12|2024-07-12:1076.12|2024-08-12:1076.12,2024-07-15,none,"Use 3 installments of EUR 1,076.12, starting 11 June 2024. This leaves at least EUR 1,600 available."
request_125,6307.65,affordable_with_plan,full_payment,2025-11-06:6468,2025-11-15,stop:event_11519|reduce_to:event_11602:223.30,"Stop the cloud storage plan and reduce the family dinner to ZAR 223.30, then pay ZAR 6,468 today. This leaves at least ZAR 11,300 available."
request_126,159600,affordable_now,full_payment,2026-07-03:159600,2026-07-03,none,"Pay INR 159,600 today. This leaves at least INR 129,700 available over the next 90 days."
request_127,10394.26,affordable_later,wait,2024-10-15:23980,2024-10-15,none,"Wait until 15 October 2024, then pay ZAR 23,980 in full. Paying earlier would take the balance below the ZAR 41,000 minimum."
request_128,25168,affordable_now,full_payment,2025-02-07:25168,2025-02-07,none,"Pay ZAR 25,168 today. This leaves at least ZAR 42,600 available over the next 90 days."
request_129,89.05,not_affordable,not_recommended,none,,none,"Do not proceed with the USD 2,668.80 request. Although USD 89.05 is available today, the full amount cannot be completed safely by 18 June 2026 while keeping the USD 800 minimum."
request_130,451.11,affordable_later,wait,2025-02-15:1978.80,2025-02-15,none,"Wait until 15 February 2025, then pay USD 1,978.80 in full. Paying earlier would take the balance below the USD 1,400 minimum."
request_131,1126.34,affordable_with_plan,installments,2025-05-06:643.14|2025-06-03:643.14|2025-07-01:643.14,2025-06-15,none,"Use 3 installments of USD 643.14, starting 6 May 2025. This leaves at least USD 1,100 available."
request_132,292.57,affordable_later,wait,2026-01-15:379.86,2026-01-15,none,"Wait until 15 January 2026, then pay USD 379.86 in full. Paying earlier would take the balance below the USD 1,100 minimum."
request_133,0,not_affordable,not_recommended,none,,none,"Do not make this payment by 29 March 2024. None of the available options keeps the IDR 9,986,200 minimum protected."
request_134,4931095.69,affordable_later,wait,2025-10-15:21831000,2025-10-15,none,"Wait until 15 October 2025, then pay IDR 21,831,000 in full. Paying earlier would take the balance below the IDR 15,902,500 minimum."
request_135,304.80,affordable_now,full_payment,2026-07-06:304.80,2026-07-06,none,Pay USD 304.80 today. This leaves at least USD 500 available over the next 90 days.
request_136,548.60,affordable_with_plan,full_payment,2024-06-03:560.40,2024-06-15,reduce_to:event_12498:27.20,"Reduce the household shopping to USD 27.20, then pay USD 560.40 today. This leaves at least USD 1,100 available."
request_137,24466.46,affordable_later,wait,2026-01-15:80100,2026-01-15,none,"Wait until 15 January 2026, then pay INR 80,100 in full. Paying earlier would take the balance below the INR 71,800 minimum."
request_138,734.68,affordable_with_plan,partial_payment,2026-04-07:734.68|2026-04-15:522.26,2026-04-15,none,"Pay EUR 734.68 today and the remaining EUR 522.26 on 15 April 2026. This completes the full request by 5 June 2026 while keeping the EUR 2,300 minimum."
request_139,1357.27,affordable_with_plan,installments,2024-09-07:802.88|2024-10-08:802.88|2024-11-08:802.88,2024-10-15,none,"Use 3 installments of USD 802.88, starting 7 September 2024. This leaves at least USD 1,500 available."
request_140,1845.32,not_affordable,not_recommended,none,,none,"Do not proceed with the ZAR 62,832 request. Although ZAR 1,845.32 is available today, the full amount cannot be completed safely by 4 March 2025 while keeping the ZAR 21,600 minimum."
request_141,22830.54,not_affordable,not_recommended,none,,none,"Do not proceed with the INR 171,600 request. Although INR 22,830.54 is available today, the full amount cannot be completed safely by 12 February 2026 while keeping the INR 67,300 minimum."
request_142,1263.60,affordable_now,full_payment,2024-12-05:1263.60,2024-12-05,none,"Pay USD 1,263.60 today. This leaves at least USD 1,700 available over the next 90 days."
request_143,3459.44,affordable_later,wait,2025-07-15:12584,2025-07-15,none,"Wait until 15 July 2025, then pay ZAR 12,584 in full. Paying earlier would take the balance below the ZAR 11,300 minimum."
request_144,233.34,affordable_now,full_payment,2026-07-04:233.34,2026-07-04,none,Pay USD 233.34 today. This leaves at least USD 600 available over the next 90 days.
request_145,27326.70,affordable_with_plan,installments,2024-03-20:75365.33|2024-04-20:75365.33|2024-05-21:75365.33,2024-05-15,none,"Use 3 installments of INR 75,365.33, starting 20 March 2024. This leaves at least INR 155,400 available."
request_146,13496.30,not_affordable,not_recommended,none,,none,"Do not proceed with the INR 449,400 request. Although INR 13,496.30 is available today, the full amount cannot be completed safely by 17 October 2025 while keeping the INR 108,600 minimum."
request_147,457.38,affordable_with_plan,installments,2026-04-08:391.63|2026-05-08:391.63|2026-06-07:391.63,2026-05-15,none,"Use 3 installments of EUR 391.63, starting 8 April 2026. This leaves at least EUR 900 available."
request_148,7711.28,affordable_with_plan,installments,2024-06-14:7710.56|2024-07-15:7710.56|2024-08-15:7710.56,2024-07-15,none,"Use 3 installments of ZAR 7,710.56, starting 14 June 2024. This leaves at least ZAR 20,000 available."
request_149,21364.26,affordable_with_plan,installments,2025-11-18:12706.03|2025-12-16:12706.03|2026-01-13:12706.03,2025-12-15,reduce_to:event_13703:1013.76,"Reduce the monthly shopping spend to ZAR 1,013.76, then use 3 installments of ZAR 12,706.03, starting 18 November 2025. This leaves at least ZAR 42,100 available."
request_150,325.01,affordable_with_plan,installments,2026-01-06:171.98|2026-02-05:171.98|2026-03-07:171.98,2026-02-15,none,"Use 3 installments of EUR 171.98, starting 6 January 2026. This leaves at least EUR 700 available."
request_151,26999000,affordable_now,full_payment,2024-09-03:26999000,2024-09-03,none,"Pay IDR 26,999,000 today. This leaves at least IDR 31,633,600 available over the next 90 days."
request_152,11073.77,affordable_with_plan,installments,2025-02-12:4812.43|2025-03-12:4812.43|2025-04-09:4812.43,2025-03-15,none,"Use 3 installments of ZAR 4,812.43, starting 12 February 2025. This leaves at least ZAR 11,900 available."
request_153,133.18,not_affordable,not_recommended,none,,none,"Do not proceed with the USD 2,830.80 request. Although USD 133.18 is available today, the full amount cannot be completed safely by 24 September 2026 while keeping the USD 1,400 minimum."
request_154,1625.80,affordable_with_plan,installments,2024-12-04:563.61|2025-01-04:563.61|2025-02-04:563.61,2024-12-04,none,"Use 3 installments of EUR 563.61, starting 4 December 2024. This leaves at least EUR 1,300 available."
request_155,112500,affordable_now,full_payment,2025-05-06:112500,2025-05-06,none,"Pay INR 112,500 today. This leaves at least INR 56,300 available over the next 90 days."
request_156,7570.64,affordable_later,wait,2026-06-15:43076,2026-06-15,none,"Wait until 15 June 2026, then pay ZAR 43,076 in full. Paying earlier would take the balance below the ZAR 26,900 minimum."
request_157,4373496.65,affordable_later,wait,2024-05-15:23503000,2024-05-15,none,"Wait until 15 May 2024, then pay IDR 23,503,000 in full. Paying earlier would take the balance below the IDR 15,714,100 minimum."
request_158,242600,affordable_with_plan,installments,2025-08-07:84101.33|2025-09-04:84101.33|2025-10-02:84101.33,2025-08-07,none,"Use 3 installments of INR 84,101.33, starting 7 August 2025. This leaves at least INR 131,400 available."
request_159,9244.32,not_affordable,not_recommended,none,,none,"Do not proceed with the ZAR 13,398 request. Although ZAR 9,244.32 is available today, the full amount cannot be completed safely by 20 March 2026 while keeping the ZAR 8,700 minimum."
request_160,576.19,affordable_with_plan,installments,2024-06-13:432.05|2024-07-14:432.05|2024-08-14:432.05,2024-07-15,none,"Use 3 installments of EUR 432.05, starting 13 June 2024. This leaves at least EUR 1,200 available."
request_161,0,not_affordable,not_recommended,none,,none,"Do not make this payment by 15 January 2026. None of the available options keeps the IDR 23,010,400 minimum protected."
request_162,2542424.42,not_affordable,not_recommended,none,,none,"Do not proceed with the IDR 83,923,000 request. Although IDR 2,542,424.42 is available today, the full amount cannot be completed safely by 26 August 2026 while keeping the IDR 24,161,100 minimum."
request_163,10771895.72,affordable_with_plan,installments,2024-09-10:6692053.33|2024-10-11:6692053.33|2024-11-11:6692053.33,2024-10-15,none,"Use 3 installments of IDR 6,692,053.33, starting 10 September 2024. This leaves at least IDR 26,728,700 available."
request_164,27018000,affordable_with_plan,installments,2025-02-11:9366240|2025-03-11:9366240|2025-04-08:9366240,2025-02-04,none,"Use 3 installments of IDR 9,366,240, starting 11 February 2025. This leaves at least IDR 29,550,500 available."
request_165,75536.67,affordable_with_plan,full_payment,2026-04-06:80600,,reduce_to:event_15136:1048,"Reduce the online retail purchases to INR 1,048, then pay INR 80,600 today. This leaves at least INR 95,000 available."
request_166,2907.60,affordable_with_plan,installments,2024-12-03:1007.97|2025-01-03:1007.97|2025-02-03:1007.97,2024-12-03,none,"Use 3 installments of USD 1,007.97, starting 3 December 2024. This leaves at least USD 1,700 available."
request_167,43802,affordable_now,full_payment,2025-05-05:43802,2025-05-05,none,"Pay ZAR 43,802 today. This leaves at least ZAR 31,200 available over the next 90 days."
request_168,31799.58,affordable_with_plan,partial_payment,2026-01-07:31799.58|2026-01-15:17580.42,2026-01-15,none,"Pay INR 31,799.58 today and the remaining INR 17,580.42 on 15 January 2026. This completes the full request by 16 March 2026 while keeping the INR 114,400 minimum."
request_169,41976,affordable_now,full_payment,2024-03-04:41976,2024-03-04,none,"Pay ZAR 41,976 today. This leaves at least ZAR 18,700 available over the next 90 days."
request_170,31228168.27,affordable_with_plan,installments,2025-08-06:12804480|2025-09-03:12804480|2025-10-01:12804480,2025-08-15,none,"Use 3 installments of IDR 12,804,480, starting 6 August 2025. This leaves at least IDR 24,715,800 available."
request_171,52.67,not_affordable,not_recommended,none,,none,"Do not proceed with the EUR 1,878.80 request. Although EUR 52.67 is available today, the full amount cannot be completed safely by 10 September 2026 while keeping the EUR 500 minimum."
request_172,8822.84,affordable_with_plan,partial_payment,2024-06-05:8822.84|2024-06-15:1377.16,2024-06-15,none,"Pay ZAR 8,822.84 today and the remaining ZAR 1,377.16 on 15 June 2024. This completes the full request by 15 July 2024 while keeping the ZAR 27,200 minimum."
request_173,61936.99,affordable_with_plan,installments,2025-11-21:39173.33|2025-12-19:39173.33|2026-01-16:39173.33,2026-01-15,none,"Use 3 installments of INR 39,173.33, starting 21 November 2025. This leaves at least INR 79,100 available."
request_174,1144.62,affordable_with_plan,installments,2026-04-04:397.35|2026-05-04:397.35|2026-06-03:397.35,,stop:event_15975,"Stop the video streaming plan, then use 3 installments of EUR 397.35, starting 4 April 2026. This leaves at least EUR 700 available."
request_175,2346.30,affordable_now,full_payment,2024-09-06:2346.30,2024-09-06,none,"Pay EUR 2,346.30 today. This leaves at least EUR 1,700 available over the next 90 days."
request_176,378.95,not_affordable,not_recommended,none,,none,"Do not proceed with the EUR 1,239.70 request. Although EUR 378.95 is available today, the full amount cannot be completed safely by 27 February 2025 while keeping the EUR 600 minimum."
request_177,1017.60,affordable_now,full_payment,2026-01-05:1017.60,2026-01-05,none,"Pay USD 1,017.60 today. This leaves at least USD 1,300 available over the next 90 days."
request_178,2938.10,affordable_with_plan,installments,2024-12-07:1018.54|2025-01-07:1018.54|2025-02-07:1018.54,2024-12-07,none,"Use 3 installments of EUR 1,018.54, starting 7 December 2024. This leaves at least EUR 1,400 available."
request_179,9152175.30,affordable_later,wait,2025-07-15:41648000,2025-07-15,none,"Wait until 15 July 2025, then pay IDR 41,648,000 in full. Paying earlier would take the balance below the IDR 41,430,800 minimum."
request_180,66500,affordable_now,full_payment,2026-07-06:66500,2026-07-06,none,"Pay INR 66,500 today. This leaves at least INR 37,300 available over the next 90 days."
request_181,260.54,not_affordable,not_recommended,none,,none,"Do not proceed with the USD 5,059.20 request. Although USD 260.54 is available today, the full amount cannot be completed safely by 7 April 2024 while keeping the USD 2,000 minimum."
request_182,65714,affordable_now,full_payment,2025-08-05:65714,2025-08-05,none,"Pay ZAR 65,714 today. This leaves at least ZAR 31,100 available over the next 90 days."
request_183,23779212.34,affordable_with_plan,installments,2026-04-10:9313546.67|2026-05-10:9313546.67|2026-06-09:9313546.67,2026-04-15,none,"Use 3 installments of IDR 9,313,546.67, starting 10 April 2026. This leaves at least IDR 11,878,300 available."
request_184,9277.21,not_affordable,not_recommended,none,,none,"Do not proceed with the INR 251,900 request. Although INR 9,277.21 is available today, the full amount cannot be completed safely by 30 July 2024 while keeping the INR 110,800 minimum."
request_185,336.36,affordable_later,wait,2026-01-15:1257.30,2026-01-15,none,"Wait until 15 January 2026, then pay EUR 1,257.30 in full. Paying earlier would take the balance below the EUR 1,300 minimum."
request_186,6326.26,affordable_later,wait,2026-03-15:26554,2026-03-15,none,"Wait until 15 March 2026, then pay ZAR 26,554 in full. Paying earlier would take the balance below the ZAR 22,000 minimum."
request_187,37558.50,affordable_later,wait,2024-11-15:187500,2024-11-15,none,"Wait until 15 November 2024, then pay INR 187,500 in full. Paying earlier would take the balance below the INR 128,300 minimum."
request_188,121.68,not_affordable,not_recommended,none,,none,"Do not proceed with the EUR 2,464 request. Although EUR 121.68 is available today, the full amount cannot be completed safely by 4 March 2025 while keeping the EUR 900 minimum."
request_189,488.40,affordable_now,full_payment,2026-07-04:488.40,2026-07-04,none,Pay EUR 488.40 today. This leaves at least EUR 400 available over the next 90 days.
request_190,567.41,affordable_later,wait,2025-02-15:2557.50,2025-02-15,none,"Wait until 15 February 2025, then pay EUR 2,557.50 in full. Paying earlier would take the balance below the EUR 1,600 minimum."
request_191,664.40,affordable_now,full_payment,2025-05-03:664.40,2025-05-03,none,Pay EUR 664.40 today. This leaves at least EUR 500 available over the next 90 days.
request_192,137.20,not_affordable,not_recommended,none,,none,"Do not proceed with the USD 2,046 request. Although USD 137.20 is available today, the full amount cannot be completed safely by 11 May 2026 while keeping the USD 1,000 minimum."
request_193,71.75,affordable_with_plan,installments,2024-03-21:420.23|2024-04-21:420.23|2024-05-22:420.23,2024-04-15,none,"Use 3 installments of EUR 420.23, starting 21 March 2024. This leaves at least EUR 1,000 available."
request_194,27361.91,affordable_later,wait,2025-10-15:132800,2025-10-15,none,"Wait until 15 October 2025, then pay INR 132,800 in full. Paying earlier would take the balance below the INR 113,600 minimum."
request_195,1002.21,affordable_with_plan,installments,2026-01-09:405.74|2026-02-08:405.74|2026-03-10:405.74,2026-01-15,none,"Use 3 installments of EUR 405.74, starting 9 January 2026. This leaves at least EUR 700 available."
request_196,762.30,affordable_now,full_payment,2024-06-03:762.30,2024-06-03,none,Pay EUR 762.30 today. This leaves at least EUR 500 available over the next 90 days.
request_197,626478.38,not_affordable,not_recommended,none,,none,"Do not proceed with the IDR 50,939,000 request. Although IDR 626,478.38 is available today, the full amount cannot be completed safely by 21 January 2026 while keeping the IDR 26,245,900 minimum."
request_198,185800,affordable_now,full_payment,2026-07-07:185800,2026-07-07,none,"Pay INR 185,800 today. This leaves at least INR 124,300 available over the next 90 days."
request_199,23674000,affordable_with_plan,installments,2024-09-07:8206986.67|2024-10-08:8206986.67|2024-11-08:8206986.67,2024-09-04,none,"Use 3 installments of IDR 8,206,986.67, starting 7 September 2024. This leaves at least IDR 25,359,500 available."
request_200,21717000,affordable_now,full_payment,2025-02-06:21717000,2025-02-06,none,"Pay IDR 21,717,000 today. This leaves at least IDR 20,114,600 available over the next 90 days."
request_201,23997000,affordable_now,full_payment,2026-04-03:23997000,2026-04-03,none,"Pay IDR 23,997,000 today. This leaves at least IDR 17,304,500 available over the next 90 days."
request_202,123900,affordable_now,full_payment,2024-12-05:123900,2024-12-05,none,"Pay INR 123,900 today. This leaves at least INR 147,800 available over the next 90 days."
request_203,1442.10,affordable_with_plan,installments,2025-05-10:499.93|2025-06-07:499.93|2025-07-05:499.93,2025-05-07,none,"Use 3 installments of EUR 499.93, starting 10 May 2025. This leaves at least EUR 1,400 available."
request_204,562.17,affordable_later,wait,2026-01-15:588.74,2026-01-15,none,"Wait until 15 January 2026, then pay EUR 588.74 in full. Paying earlier would take the balance below the EUR 1,300 minimum."
request_205,10621000,affordable_now,full_payment,2024-03-06:10621000,2024-03-06,none,"Pay IDR 10,621,000 today. This leaves at least IDR 13,994,300 available over the next 90 days."
request_206,1404.70,affordable_with_plan,installments,2025-08-03:486.96|2025-08-31:486.96|2025-09-28:486.96,2025-08-03,none,"Use 3 installments of EUR 486.96, starting 3 August 2025. This leaves at least EUR 900 available."
request_207,5212.48,affordable_later,wait,2026-07-15:11830,2026-07-15,none,"Wait until 15 July 2026, then pay ZAR 11,830 in full. Paying earlier would take the balance below the ZAR 13,600 minimum."
request_208,3388300.02,affordable_later,wait,2024-06-15:4413000,2024-06-15,none,"Wait until 15 June 2024, then pay IDR 4,413,000 in full. Paying earlier would take the balance below the IDR 10,470,700 minimum."
request_209,1523.39,not_affordable,not_recommended,none,,none,"Do not proceed with the ZAR 56,914 request. Although ZAR 1,523.39 is available today, the full amount cannot be completed safely by 25 November 2025 while keeping the ZAR 18,400 minimum."
request_210,789.35,affordable_with_plan,partial_payment,2026-04-06:789.35|2026-04-15:570.67,2026-04-15,none,"Pay USD 789.35 today and the remaining USD 570.67 on 15 April 2026. This completes the full request by 23 June 2026 while keeping the USD 2,000 minimum."
request_211,362.19,affordable_later,wait,2024-11-15:1788.60,2024-11-15,none,"Wait until 15 November 2024, then pay EUR 1,788.60 in full. Paying earlier would take the balance below the EUR 1,500 minimum."
request_212,3039205.47,not_affordable,not_recommended,none,,none,"Do not proceed with the IDR 71,934,000 request. Although IDR 3,039,205.47 is available today, the full amount cannot be completed safely by 28 February 2025 while keeping the IDR 29,579,800 minimum."
request_213,3094.35,affordable_with_plan,installments,2026-01-21:1165.63|2026-02-20:1165.63|2026-03-22:1165.63,,stop:event_19548|stop:event_19549|reduce_to:event_19550:34.80,"Stop the cloud storage plan and stop the streaming subscription and reduce the household shopping to USD 34.80, then use 3 installments of USD 1,165.63, starting 21 January 2026. This leaves at least USD 2,100 available."
request_214,55552.18,affordable_with_plan,partial_payment,2024-12-04:55552.18|2024-12-15:14197.82,2024-12-15,none,"Pay INR 55,552.18 today and the remaining INR 14,197.82 on 15 December 2024. This completes the full request by 28 January 2025 while keeping the INR 174,900 minimum."
request_215,29986,affordable_with_plan,installments,2025-05-09:10395.15|2025-06-06:10395.15|2025-07-04:10395.15,2025-05-06,none,"Use 3 installments of ZAR 10,395.15, starting 9 May 2025. This leaves at least ZAR 15,700 available."
request_216,533.61,affordable_later,wait,2026-09-15:3332.40,2026-09-15,none,"Wait until 15 September 2026, then pay USD 3,332.40 in full. Paying earlier would take the balance below the USD 1,800 minimum."
request_217,19400.90,affordable_with_plan,installments,2024-03-19:12889.07|2024-04-19:12889.07|2024-05-20:12889.07,2024-05-15,none,"Use 3 installments of ZAR 12,889.07, starting 19 March 2024. This leaves at least ZAR 26,800 available."
request_218,25170455.83,affordable_with_plan,installments,2025-08-07:21195893.33|2025-09-04:21195893.33|2025-10-02:21195893.33,2025-09-15,none,"Use 3 installments of IDR 21,195,893.33, starting 7 August 2025. This leaves at least IDR 34,477,200 available."
request_219,655.28,affordable_with_plan,installments,2026-04-07:580.01|2026-05-07:580.01|2026-06-06:580.01,2026-05-15,none,"Use 3 installments of EUR 580.01, starting 7 April 2026. This leaves at least EUR 1,100 available."
request_220,92.76,not_affordable,not_recommended,none,,none,"Do not proceed with the EUR 3,118.50 request. Although EUR 92.76 is available today, the full amount cannot be completed safely by 3 July 2024 while keeping the EUR 1,100 minimum."
request_221,109800,affordable_now,full_payment,2025-11-03:109800,2025-11-03,none,"Pay INR 109,800 today. This leaves at least INR 81,500 available over the next 90 days."
request_222,34078,affordable_now,full_payment,2026-01-05:34078,2026-01-05,none,"Pay ZAR 34,078 today. This leaves at least ZAR 27,300 available over the next 90 days."
request_223,898.70,affordable_now,full_payment,2024-09-07:898.70,2024-09-07,none,Pay EUR 898.70 today. This leaves at least EUR 800 available over the next 90 days.
request_224,9490700.82,affordable_with_plan,partial_payment,2025-02-04:9490700.82|2025-02-15:836299.18,2025-02-15,none,"Pay IDR 9,490,700.82 today and the remaining IDR 836,299.18 on 15 February 2025. This completes the full request by 16 March 2025 while keeping the IDR 22,187,600 minimum."
request_225,9795263.28,affordable_with_plan,installments,2026-07-20:7647120|2026-08-19:7647120|2026-09-18:7647120,2026-09-15,none,"Use 3 installments of IDR 7,647,120, starting 20 July 2026. This leaves at least IDR 17,670,700 available."
request_226,157000,affordable_now,full_payment,2024-12-03:157000,2024-12-03,none,"Pay INR 157,000 today. This leaves at least INR 209,400 available over the next 90 days."
request_227,7555.32,not_affordable,not_recommended,none,,none,"Do not proceed with the INR 259,700 request. Although INR 7,555.32 is available today, the full amount cannot be completed safely by 20 June 2025 while keeping the INR 62,900 minimum."
request_228,2275984.54,not_affordable,not_recommended,none,,none,"Do not proceed with the IDR 63,327,000 request. Although IDR 2,275,984.54 is available today, the full amount cannot be completed safely by 30 April 2026 while keeping the IDR 26,191,200 minimum."
request_229,423.89,affordable_with_plan,installments,2024-03-18:529.29|2024-04-18:529.29|2024-05-19:529.29,2024-05-15,none,"Use 3 installments of EUR 529.29, starting 18 March 2024. This leaves at least EUR 1,000 available."
request_230,3537.60,affordable_now,full_payment,2025-08-06:3537.60,2025-08-06,none,"Pay EUR 3,537.60 today. This leaves at least EUR 2,000 available over the next 90 days."
request_231,33816.79,affordable_with_plan,installments,2026-01-06:12378.08|2026-02-05:12378.08|2026-03-07:12378.08,2026-01-15,none,"Use 3 installments of ZAR 12,378.08, starting 6 January 2026. This leaves at least ZAR 24,300 available."
request_232,664.03,affordable_later,wait,2024-08-15:1970.10,2024-08-15,none,"Wait until 15 August 2024, then pay EUR 1,970.10 in full. Paying earlier would take the balance below the EUR 2,400 minimum."
request_233,0,not_affordable,not_recommended,none,,none,"Do not make this payment by 17 December 2025. None of the available options keeps the IDR 10,365,700 minimum protected."
request_234,209.10,affordable_later,wait,2026-09-15:1213.30,2026-09-15,none,"Wait until 15 September 2026, then pay EUR 1,213.30 in full. Paying earlier would take the balance below the EUR 700 minimum."
request_235,967.20,affordable_now,full_payment,2024-09-06:967.20,2024-09-06,none,Pay USD 967.20 today. This leaves at least USD 700 available over the next 90 days.
request_236,5820188.61,not_affordable,not_recommended,none,,none,"Do not proceed with the IDR 52,383,000 request. Although IDR 5,820,188.61 is available today, the full amount cannot be completed safely by 23 February 2025 while keeping the IDR 16,768,600 minimum."
request_237,23826000,affordable_now,full_payment,2026-04-05:23826000,2026-04-05,none,"Pay IDR 23,826,000 today. This leaves at least IDR 22,431,500 available over the next 90 days."
request_238,663.60,affordable_with_plan,installments,2024-12-07:230.05|2025-01-07:230.05|2025-02-07:230.05,2024-12-07,none,"Use 3 installments of USD 230.05, starting 7 December 2024. This leaves at least USD 700 available."
request_239,642,affordable_now,full_payment,2025-05-04:642,2025-05-04,none,Pay USD 642 today. This leaves at least USD 600 available over the next 90 days.
request_240,14702.54,not_affordable,not_recommended,none,,none,"Do not proceed with the INR 101,200 request. Although INR 14,702.54 is available today, the full amount cannot be completed safely by 20 March 2026 while keeping the INR 52,800 minimum."
request_241,21052000,affordable_with_plan,installments,2024-03-17:7298026.67|2024-04-17:7298026.67|2024-05-18:7298026.67,2024-03-03,none,"Use 3 installments of IDR 7,298,026.67, starting 17 March 2024. This leaves at least IDR 19,252,000 available."
request_242,0,not_affordable,not_recommended,none,,none,Do not make this payment by 25 August 2025. None of the available options keeps the EUR 600 minimum protected.
request_243,17468,affordable_now,full_payment,2026-07-07:17468,2026-07-07,none,"Pay ZAR 17,468 today. This leaves at least ZAR 19,900 available over the next 90 days."
request_244,49918,affordable_now,full_payment,2024-06-04:49918,2024-06-04,none,"Pay ZAR 49,918 today. This leaves at least ZAR 45,900 available over the next 90 days."
request_245,29969.69,affordable_later,wait,2026-01-15:128500,2026-01-15,none,"Wait until 15 January 2026, then pay INR 128,500 in full. Paying earlier would take the balance below the INR 94,600 minimum."
request_246,64086,affordable_with_plan,installments,2026-04-03:22216.48|2026-05-03:22216.48|2026-06-02:22216.48,2026-04-03,none,"Use 3 installments of ZAR 22,216.48, starting 3 April 2026. This leaves at least ZAR 39,300 available."
request_247,1059.30,affordable_now,full_payment,2024-09-05:1059.30,2024-09-05,none,"Pay EUR 1,059.30 today. This leaves at least EUR 1,300 available over the next 90 days."
request_248,947.31,affordable_with_plan,partial_payment,2025-02-07:947.31|2025-04-15:1018.29,2025-04-15,none,"Pay USD 947.31 today and the remaining USD 1,018.29 on 15 April 2025. This completes the full request by 28 April 2025 while keeping the USD 1,300 minimum."
request_249,150.99,affordable_later,wait,2026-03-15:643.20,2026-03-15,none,"Wait until 15 March 2026, then pay USD 643.20 in full. Paying earlier would take the balance below the USD 600 minimum."
request_250,15333.62,not_affordable,not_recommended,none,,none,"Do not proceed with the ZAR 124,278 request. Although ZAR 15,333.62 is available today, the full amount cannot be completed safely by 18 January 2025 while keeping the ZAR 35,300 minimum."
request_251,1221.48,affordable_later,not_recommended,none,2025-07-26,none,"Do not proceed with the EUR 1,513.60 request. Although EUR 1,221.48 is available today, the full amount cannot be completed safely by 6 June 2025 while keeping the EUR 1,300 minimum."
request_252,4531545.66,affordable_later,wait,2026-09-15:28082000,2026-09-15,none,"Wait until 15 September 2026, then pay IDR 28,082,000 in full. Paying earlier would take the balance below the IDR 15,152,200 minimum."
request_253,1428.50,affordable_with_plan,installments,2024-03-21:984.60|2024-04-21:984.60|2024-05-22:984.60,2024-05-15,none,"Use 3 installments of EUR 984.60, starting 21 March 2024. This leaves at least EUR 2,300 available."
request_254,625.40,affordable_later,wait,2025-10-15:3535.20,2025-10-15,none,"Wait until 15 October 2025, then pay USD 3,535.20 in full. Paying earlier would take the balance below the USD 2,500 minimum."
request_255,2405208.97,not_affordable,not_recommended,none,,none,"Do not proceed with the IDR 3,345,000 request. Although IDR 2,405,208.97 is available today, the full amount cannot be completed safely by 15 June 2026 while keeping the IDR 9,813,900 minimum."
request_256,157896.40,affordable_with_plan,installments,2024-06-10:75816|2024-07-11:75816|2024-08-11:75816,2024-07-15,none,"Use 3 installments of INR 75,816, starting 10 June 2024. This leaves at least INR 168,600 available."
request_257,446.60,affordable_later,wait,2026-01-15:1352.40,2026-01-15,none,"Wait until 15 January 2026, then pay USD 1,352.40 in full. Paying earlier would take the balance below the USD 1,600 minimum."
request_258,1113.60,affordable_now,full_payment,2026-01-07:1113.60,2026-01-07,none,"Pay USD 1,113.60 today. This leaves at least USD 500 available over the next 90 days."
request_259,201.31,affordable_later,wait,2024-11-15:935,2024-11-15,none,"Wait until 15 November 2024, then pay EUR 935 in full. Paying earlier would take the balance below the EUR 600 minimum."
request_260,7252204.67,not_affordable,not_recommended,none,,none,"Do not proceed with the IDR 52,079,000 request. Although IDR 7,252,204.67 is available today, the full amount cannot be completed safely by 18 April 2025 while keeping the IDR 20,727,700 minimum."
request_261,1830.40,affordable_now,full_payment,2026-07-03:1830.40,2026-07-03,none,"Pay EUR 1,830.40 today. This leaves at least EUR 1,500 available over the next 90 days."
request_262,9236000,affordable_now,full_payment,2024-12-05:9236000,2024-12-05,none,"Pay IDR 9,236,000 today. This leaves at least IDR 31,018,500 available over the next 90 days."
request_263,6868.19,not_affordable,not_recommended,none,,none,"Do not proceed with the ZAR 51,546 request. Although ZAR 6,868.19 is available today, the full amount cannot be completed safely by 15 June 2025 while keeping the ZAR 24,100 minimum."
request_264,20755.39,affordable_later,wait,2026-06-15:111300,2026-06-15,none,"Wait until 15 June 2026, then pay INR 111,300 in full. Paying earlier would take the balance below the INR 59,500 minimum."
request_265,24621.97,affordable_with_plan,full_payment,2024-03-06:45970,,stop:event_24383|stop:event_24385,"Stop the music subscription and stop the community fitness plan, then pay INR 45,970 today. This leaves at least INR 189,700 available."
request_266,746.29,affordable_with_plan,installments,2025-08-03:324.13|2025-08-31:324.13|2025-09-28:324.13,2025-09-15,none,"Use 3 installments of EUR 324.13, starting 3 August 2025. This leaves at least EUR 900 available."
request_267,1673.12,affordable_with_plan,installments,2026-01-08:667.33|2026-02-07:667.33|2026-03-09:667.33,2026-01-15,none,"Use 3 installments of EUR 667.33, starting 8 January 2026. This leaves at least EUR 1,500 available."
request_268,1055.82,affordable_with_plan,installments,2024-06-14:841.22|2024-07-15:841.22|2024-08-15:841.22,2024-07-15,none,"Use 3 installments of EUR 841.22, starting 14 June 2024. This leaves at least EUR 1,400 available."
request_269,0,not_affordable,not_recommended,none,,none,"Do not make this payment by 2 January 2026. None of the available options keeps the ZAR 23,100 minimum protected."
request_270,161.74,not_affordable,not_recommended,none,,none,"Do not proceed with the USD 3,028.80 request. Although USD 161.74 is available today, the full amount cannot be completed safely by 30 August 2026 while keeping the USD 1,400 minimum."
request_271,18515.40,affordable_later,wait,2024-11-15:91300,2024-11-15,none,"Wait until 15 November 2024, then pay INR 91,300 in full. Paying earlier would take the balance below the INR 58,200 minimum."
request_272,5454544.46,affordable_with_plan,installments,2025-02-12:4709466.67|2025-03-12:4709466.67|2025-04-09:4709466.67,2025-03-15,none,"Use 3 installments of IDR 4,709,466.67, starting 12 February 2025. This leaves at least IDR 7,508,600 available."
request_273,9330876.70,affordable_with_plan,partial_payment,2026-04-07:9330876.70|2026-04-15:6530123.30,2026-04-15,none,"Pay IDR 9,330,876.70 today and the remaining IDR 6,530,123.30 on 15 April 2026. This completes the full request by 15 June 2026 while keeping the IDR 18,774,600 minimum."
request_274,2334.25,affordable_with_plan,installments,2024-12-04:940.75|2025-01-04:940.75|2025-02-04:940.75,2024-12-15,none,"Use 3 installments of EUR 940.75, starting 4 December 2024. This leaves at least EUR 1,800 available."
request_275,15884000,affordable_now,full_payment,2025-05-06:15884000,2025-05-06,none,"Pay IDR 15,884,000 today. This leaves at least IDR 12,760,100 available over the next 90 days."
